uuid,UserName
1,Katalina Wolf
2,Jase Martin
3,Mila Ruiz
4,Austin Weiss
5,Lennox Shepard
6,Damari Austin
7,Alivia Huang
8,Ayaan Farley
9,Wrenley Marquez
10,Malakai Higgins
11,Leighton Marin
12,Aldo Mills
13,June Knight
14,Beckett Chavez
15,Nevaeh Horne
16,Zev Meadows
17,Pearl Gibson
18,Tyler Corona
19,Marianna Mora
20,Arturo Jackson
21,Avery Holloway
22,Sutton Floyd
23,Yaretzi Hammond
24,Francis Carlson
25,Kali Boyer
26,Zeke House
27,Sariah Collins
28,Miles Lester
29,Averi Lee
30,Jack Mack
31,Nadia Dominguez
32,Kaden Sexton
33,Ellen Bradford
34,Ander Peters
35,Leila Hansen
36,Charlie Floyd
37,Yaretzi Rush
38,Kaiser Cannon
39,Noa Winters
40,Deandre Lynn
41,Samira McIntyre
42,Eliseo Ibarra
43,Madilynn McGuire
44,Casey Saunders
45,Meadow Duarte
46,Abdullah Gray
47,Sarah Ramos
48,Angel Wallace
49,Arianna Dillon
50,Alvin Wong
51,Adelaide Abbott
52,Kohen Morris
53,Genesis Gutierrez
54,Luca Chambers
55,Makayla Leon
56,Marshall Delgado
57,Alani Bradford
58,Ander O brien
59,Joanna Chambers
60,Orion Jennings
61,Palmer Walker
62,Luke Strickland
63,Nia Barton
64,Cassius Harris
